frame,filename,timestamp_ns
0,frame_0000.png,
1,frame_0001.png,
2,frame_0002.png,
3,frame_0003.png,
4,frame_0004.png,
5,frame_0005.png,
6,frame_0006.png,
7,frame_0007.png,
8,frame_0008.png,
9,frame_0009.png,
10,frame_0010.png,
11,frame_0011.png,
12,frame_0012.png,
13,frame_0013.png,
14,frame_0014.png,
15,frame_0015.png,
16,frame_0016.png,
17,frame_0017.png,
18,frame_0018.png,
19,frame_0019.png,
20,frame_0020.png,
21,frame_0021.png,
22,frame_0022.png,
23,frame_0023.png,
24,frame_0024.png,
25,frame_0025.png,
26,frame_0026.png,
27,frame_0027.png,
28,frame_0028.png,
29,frame_0029.png,
30,frame_0030.png,
31,frame_0031.png,
32,frame_0032.png,
33,frame_0033.png,
34,frame_0034.png,
35,frame_0035.png,
36,frame_0036.png,
37,frame_0037.png,
38,frame_0038.png,
39,frame_0039.png,
40,frame_0040.png,
41,frame_0041.png,
42,frame_0042.png,
43,frame_0043.png,
44,frame_0044.png,
45,frame_0045.png,
46,frame_0046.png,
47,frame_0047.png,
48,frame_0048.png,
49,frame_0049.png,
50,frame_0050.png,
51,frame_0051.png,
52,frame_0052.png,
53,frame_0053.png,
54,frame_0054.png,
55,frame_0055.png,
56,frame_0056.png,
57,frame_0057.png,
58,frame_0058.png,
59,frame_0059.png,
60,frame_0060.png,
61,frame_0061.png,
62,frame_0062.png,
63,frame_0063.png,
64,frame_0064.png,
65,frame_0065.png,
66,frame_0066.png,
67,frame_0067.png,
68,frame_0068.png,
69,frame_0069.png,
70,frame_0070.png,
71,frame_0071.png,
72,frame_0072.png,
73,frame_0073.png,
74,frame_0074.png,
75,frame_0075.png,
76,frame_0076.png,
77,frame_0077.png,
78,frame_0078.png,
79,frame_0079.png,
80,frame_0080.png,
81,frame_0081.png,
82,frame_0082.png,
83,frame_0083.png,
84,frame_0084.png,
85,frame_0085.png,
86,frame_0086.png,
87,frame_0087.png,
88,frame_0088.png,
89,frame_0089.png,
90,frame_0090.png,
91,frame_0091.png,
92,frame_0092.png,
93,frame_0093.png,
94,frame_0094.png,
95,frame_0095.png,
96,frame_0096.png,
97,frame_0097.png,
98,frame_0098.png,
99,frame_0099.png,
100,frame_0100.png,
101,frame_0101.png,
102,frame_0102.png,
103,frame_0103.png,
104,frame_0104.png,
105,frame_0105.png,
106,frame_0106.png,
107,frame_0107.png,
108,frame_0108.png,
109,frame_0109.png,
110,frame_0110.png,
111,frame_0111.png,
112,frame_0112.png,
113,frame_0113.png,
114,frame_0114.png,
115,frame_0115.png,
116,frame_0116.png,
117,frame_0117.png,
118,frame_0118.png,
119,frame_0119.png,
